{
	"class_name" : "PinholeCameraParameters",
	"extrinsic" : 
	[
		-0.99995266072883637,
		0.0025340934803897044,
		-0.0093943957524304407,
		0.0,
		0.0077822902168617697,
		0.78782909969333603,
		-0.61584474150175883,
		0.0,
		0.0058405702034282853,
		-0.61588869777470356,
		-0.78781152548885613,
		0.0,
		-0.32458769681143951,
		-6.7971772841388383,
		36.226131632135299,
		1.0
	],
	"intrinsic" : 
	{
		"height" : 1016,
		"intrinsic_matrix" : 
		[
			879.88181024498977,
			0.0,
			0.0,
			0.0,
			879.88181024498977,
			0.0,
			923.5,
			507.5,
			1.0
		],
		"width" : 1848
	},
	"version_major" : 1,
	"version_minor" : 0
}